Workbook

Sheet Dashboard
B1: 🎓 STUDENT ACADEMIC TRACKER | Class 10 / 12 | 2024-25
B2: Enter your name & class below • All data flows automatically from other sheets
B4: Student Name | E4: Class & Section | H4: School | K4: Roll No.
B5: Your Name Here | E5: 10-A | H5: Delhi Public School | K5: 42
B10: Overall % | E10: Best Subject | H10: Attendance % | K10: Pending Tasks
B11: ='Marks Tracker'!N14 -> 0 | E11: ='Marks Tracker'!B17 -> Best Subject: | H11: =Attendance!O14 -> 191.5 | K11: =Assignments!F3 -> 5
B14: ← click sheet for details | E14: ← click sheet for details | H14: ← click sheet for details | K14: ← click sheet for details
B17: SUBJECT-WISE PERFORMANCE SUMMARY
B18: Subject | C18: UT1 | D18: Mid-Term | E18: UT2 | F18: Final | G18: Total % | H18: Grade | I18: Status
B19: English | C19: ='Marks Tracker'!C6 -> 22 | D19: ='Marks Tracker'!D6 -> 44 | E19: ='Marks Tracker'!E6 -> 21 | F19: ='Marks Tracker'!F6 -> 85 | G19: =IFERROR('Marks Tracker'!I6/100,0) -> 0 | H19: =IF(G19>=0.9,"A1",IF(G19>=0.8,"A2",IF(G19>=0.7,"B1",IF(G19>=0.6,"B2",IF(G19>=0.5,"C1",IF(G19>=0.4,"C2","D")))))) -> D | I19: =IF(G19>=0.75,"✅ Good",IF(G19>=0.5,"⚠️ Average","❌ Needs Work")) -> ❌ Needs Work
B20: Hindi | C20: ='Marks Tracker'!C7 -> 20 | D20: ='Marks Tracker'!D7 -> 41 | E20: ='Marks Tracker'!E7 -> 20 | F20: ='Marks Tracker'!F7 -> 78 | G20: =IFERROR('Marks Tracker'!I7/100,0) -> 0 | H20: =IF(G20>=0.9,"A1",IF(G20>=0.8,"A2",IF(G20>=0.7,"B1",IF(G20>=0.6,"B2",IF(G20>=0.5,"C1",IF(G20>=0.4,"C2","D")))))) -> D | I20: =IF(G20>=0.75,"✅ Good",IF(G20>=0.5,"⚠️ Average","❌ Needs Work")) -> ❌ Needs Work
B21: Mathematics | C21: ='Marks Tracker'!C8 -> 25 | D21: ='Marks Tracker'!D8 -> 48 | E21: ='Marks Tracker'!E8 -> 24 | F21: ='Marks Tracker'!F8 -> 92 | G21: =IFERROR('Marks Tracker'!I8/100,0) -> 0 | H21: =IF(G21>=0.9,"A1",IF(G21>=0.8,"A2",IF(G21>=0.7,"B1",IF(G21>=0.6,"B2",IF(G21>=0.5,"C1",IF(G21>=0.4,"C2","D")))))) -> D | I21: =IF(G21>=0.75,"✅ Good",IF(G21>=0.5,"⚠️ Average","❌ Needs Work")) -> ❌ Needs Work
B22: Science | C22: ='Marks Tracker'!C9 -> 23 | D22: ='Marks Tracker'!D9 -> 45 | E22: ='Marks Tracker'!E9 -> 22 | F22: ='Marks Tracker'!F9 -> 88 | G22: =IFERROR('Marks Tracker'!I9/100,0) -> 0 | H22: =IF(G22>=0.9,"A1",IF(G22>=0.8,"A2",IF(G22>=0.7,"B1",IF(G22>=0.6,"B2",IF(G22>=0.5,"C1",IF(G22>=0.4,"C2","D")))))) -> D | I22: =IF(G22>=0.75,"✅ Good",IF(G22>=0.5,"⚠️ Average","❌ Needs Work")) -> ❌ Needs Work
B23: Social Science | C23: ='Marks Tracker'!C10 -> 19 | D23: ='Marks Tracker'!D10 -> 38 | E23: ='Marks Tracker'!E10 -> 20 | F23: ='Marks Tracker'!F10 -> 72 | G23: =IFERROR('Marks Tracker'!I10/100,0) -> 0 | H23: =IF(G23>=0.9,"A1",IF(G23>=0.8,"A2",IF(G23>=0.7,"B1",IF(G23>=0.6,"B2",IF(G23>=0.5,"C1",IF(G23>=0.4,"C2","D")))))) -> D | I23: =IF(G23>=0.75,"✅ Good",IF(G23>=0.5,"⚠️ Average","❌ Needs Work")) -> ❌ Needs Work
B24: Computer Science | C24: ='Marks Tracker'!C11 -> 24 | D24: ='Marks Tracker'!D11 -> 47 | E24: ='Marks Tracker'!E11 -> 23 | F24: ='Marks Tracker'!F11 -> 91 | G24: =IFERROR('Marks Tracker'!I11/100,0) -> 0 | H24: =IF(G24>=0.9,"A1",IF(G24>=0.8,"A2",IF(G24>=0.7,"B1",IF(G24>=0.6,"B2",IF(G24>=0.5,"C1",IF(G24>=0.4,"C2","D")))))) -> D | I24: =IF(G24>=0.75,"✅ Good",IF(G24>=0.5,"⚠️ Average","❌ Needs Work")) -> ❌ Needs Work

Sheet Marks Tracker
B1: 📝 MARKS TRACKER – All Subjects & Examinations
B2: Max Marks: UT1=25 | Mid-Term=50 | UT2=25 | Final=100 | Total=100 (weighted)
B4: MAX MARKS → | C4: 25 | D4: 50 | E4: 25 | F4: 100
B5: Subject | C5: UT1 (/25) | D5: Mid-Term (/50) | E5: UT2 (/25) | F5: Final (/100) | G5: Weighted Total | H5: Percentage | I5: Grade | J5: Rank | K5: Remarks
B6: English | C6: 22 | D6: 44 | E6: 21 | F6: 85 | G6: =IFERROR((C6/C$4*10)+(D6/D$4*20)+(E6/E$4*10)+(F6/F$4*60),0) -> 85.8 | H6: =IFERROR(G6/100,0) -> 0.858 | I6: =IF(G6>=90,"A1 (O)",IF(G6>=80,"A2 (E)",IF(G6>=70,"B1 (VG)",IF(G6>=60,"B2 (G)",IF(G6>=50,"C1",IF(G6>=40,"C2","D (FAIL)")))))) -> A2 (E) | J6: =RANK(G6,$G$6:$G$11,0) -> 4 | K6: =IF(G6>=75,"Great Work! 🌟",IF(G6>=50,"Keep it up 👍","Need Improvement ⚠️")) -> Great Work! 🌟
B7: Hindi | C7: 20 | D7: 41 | E7: 20 | F7: 78 | G7: =IFERROR((C7/C$4*10)+(D7/D$4*20)+(E7/E$4*10)+(F7/F$4*60),0) -> 79.2 | H7: =IFERROR(G7/100,0) -> 0.792 | I7: =IF(G7>=90,"A1 (O)",IF(G7>=80,"A2 (E)",IF(G7>=70,"B1 (VG)",IF(G7>=60,"B2 (G)",IF(G7>=50,"C1",IF(G7>=40,"C2","D (FAIL)")))))) -> B1 (VG) | J7: =RANK(G7,$G$6:$G$11,0) -> 5 | K7: =IF(G7>=75,"Great Work! 🌟",IF(G7>=50,"Keep it up 👍","Need Improvement ⚠️")) -> Great Work! 🌟
B8: Mathematics | C8: 25 | D8: 48 | E8: 24 | F8: 92 | G8: =IFERROR((C8/C$4*10)+(D8/D$4*20)+(E8/E$4*10)+(F8/F$4*60),0) -> 94 | H8: =IFERROR(G8/100,0) -> 0.94 | I8: =IF(G8>=90,"A1 (O)",IF(G8>=80,"A2 (E)",IF(G8>=70,"B1 (VG)",IF(G8>=60,"B2 (G)",IF(G8>=50,"C1",IF(G8>=40,"C2","D (FAIL)")))))) -> A1 (O) | J8: =RANK(G8,$G$6:$G$11,0) -> 1 | K8: =IF(G8>=75,"Great Work! 🌟",IF(G8>=50,"Keep it up 👍","Need Improvement ⚠️")) -> Great Work! 🌟
B9: Science | C9: 23 | D9: 45 | E9: 22 | F9: 88 | G9: =IFERROR((C9/C$4*10)+(D9/D$4*20)+(E9/E$4*10)+(F9/F$4*60),0) -> 88.8 | H9: =IFERROR(G9/100,0) -> 0.888 | I9: =IF(G9>=90,"A1 (O)",IF(G9>=80,"A2 (E)",IF(G9>=70,"B1 (VG)",IF(G9>=60,"B2 (G)",IF(G9>=50,"C1",IF(G9>=40,"C2","D (FAIL)")))))) -> A2 (E) | J9: =RANK(G9,$G$6:$G$11,0) -> 3 | K9: =IF(G9>=75,"Great Work! 🌟",IF(G9>=50,"Keep it up 👍","Need Improvement ⚠️")) -> Great Work! 🌟
B10: Social Science | C10: 19 | D10: 38 | E10: 20 | F10: 72 | G10: =IFERROR((C10/C$4*10)+(D10/D$4*20)+(E10/E$4*10)+(F10/F$4*60),0) -> 74 | H10: =IFERROR(G10/100,0) -> 0.74 | I10: =IF(G10>=90,"A1 (O)",IF(G10>=80,"A2 (E)",IF(G10>=70,"B1 (VG)",IF(G10>=60,"B2 (G)",IF(G10>=50,"C1",IF(G10>=40,"C2","D (FAIL)")))))) -> B1 (VG) | J10: =RANK(G10,$G$6:$G$11,0) -> 6 | K10: =IF(G10>=75,"Great Work! 🌟",IF(G10>=50,"Keep it up 👍","Need Improvement ⚠️")) -> Keep it up 👍
B11: Computer Science | C11: 24 | D11: 47 | E11: 23 | F11: 91 | G11: =IFERROR((C11/C$4*10)+(D11/D$4*20)+(E11/E$4*10)+(F11/F$4*60),0) -> 92.2 | H11: =IFERROR(G11/100,0) -> 0.922 | I11: =IF(G11>=90,"A1 (O)",IF(G11>=80,"A2 (E)",IF(G11>=70,"B1 (VG)",IF(G11>=60,"B2 (G)",IF(G11>=50,"C1",IF(G11>=40,"C2","D (FAIL)")))))) -> A1 (O) | J11: =RANK(G11,$G$6:$G$11,0) -> 2 | K11: =IF(G11>=75,"Great Work! 🌟",IF(G11>=50,"Keep it up 👍","Need Improvement ⚠️")) -> Great Work! 🌟
B13: CLASS AVERAGE | C13: =IFERROR(AVERAGE(C6:C11),"-") -> 22.166667 | D13: =IFERROR(AVERAGE(D6:D11),"-") -> 43.833333 | E13: =IFERROR(AVERAGE(E6:E11),"-") -> 21.666667 | F13: =IFERROR(AVERAGE(F6:F11),"-") -> 84.333333 | G13: =IFERROR(AVERAGE(G6:G11),"-") -> 85.666667 | H13: =IFERROR(AVERAGE(H6:H11),"-") -> 0.85666667 | I13: =IFERROR(AVERAGE(I6:I11),"-") -> - | J13: =IFERROR(AVERAGE(J6:J11),"-") -> 3.5 | K13: =IFERROR(AVERAGE(K6:K11),"-") -> -
B16: QUICK STATS
B17: Best Subject: | C17: =INDEX($B$6:$B$11,MATCH(MAX($G$6:$G$11),$G$6:$G$11,0)) -> Mathematics
B18: Weakest Subject: | C18: =INDEX($B$6:$B$11,MATCH(MIN($G$6:$G$11),$G$6:$G$11,0)) -> Social Science
B19: Highest Score: | C19: =MAX($G$6:$G$11) -> 94
B20: Lowest Score: | C20: =MIN($G$6:$G$11) -> 74
B25: Subject | C25: UT1 | D25: Mid-Term | E25: UT2 | F25: Final
B26: English | C26: =C6 -> 22 | D26: =D6 -> 44 | E26: =E6 -> 21 | F26: =F6 -> 85
B27: Hindi | C27: =C7 -> 20 | D27: =D7 -> 41 | E27: =E7 -> 20 | F27: =F7 -> 78
B28: Mathematics | C28: =C8 -> 25 | D28: =D8 -> 48 | E28: =E8 -> 24 | F28: =F8 -> 92
B29: Science | C29: =C9 -> 23 | D29: =D9 -> 45 | E29: =E9 -> 22 | F29: =F9 -> 88
B30: Social Science | C30: =C10 -> 19 | D30: =D10 -> 38 | E30: =E10 -> 20 | F30: =F10 -> 72
B31: Computer Science | C31: =C11 -> 24 | D31: =D11 -> 47 | E31: =E11 -> 23 | F31: =F11 -> 91

Sheet Attendance
B1: 📅 ATTENDANCE TRACKER – Monthly Subject-wise
B2: Enter 'P' for Present, 'A' for Absent, 'H' for Holiday/Half-day • Min. 75% attendance required
B4: Subject | C4: April | D4: May | E4: June | F4: July | G4: August | H4: September | I4: October | J4: November | K4: December | L4: January | M4: February | N4: March | O4: Days Present | P4: Attendance %
B5: Working Days → | C5: 22 | D5: 20 | E5: 4 | F5: 22 | G5: 22 | H5: 22 | I5: 22 | J5: 22 | K5: 20 | L5: 22 | M5: 20 | N5: 18
B6: English | C6: 20 | D6: 18 | E6: 3 | F6: 17 | G6: 18 | H6: 18 | I6: 20 | J6: 17 | K6: 16 | L6: 19 | M6: 19 | N6: 15 | O6: =SUM(C6:N6) -> 200 | P6: =IFERROR(O6/SUM($C$5:$N$5),0) -> 0.84745763
B7: Hindi | C7: 17 | D7: 14 | E7: 3 | F7: 15 | G7: 18 | H7: 17 | I7: 15 | J7: 18 | K7: 14 | L7: 18 | M7: 14 | N7: 13 | O7: =SUM(C7:N7) -> 176 | P7: =IFERROR(O7/SUM($C$5:$N$5),0) -> 0.74576271
B8: Mathematics | C8: 16 | D8: 18 | E8: 3 | F8: 21 | G8: 17 | H8: 17 | I8: 20 | J8: 19 | K8: 15 | L8: 19 | M8: 16 | N8: 16 | O8: =SUM(C8:N8) -> 197 | P8: =IFERROR(O8/SUM($C$5:$N$5),0) -> 0.83474576
B9: Science | C9: 16 | D9: 18 | E9: 3 | F9: 18 | G9: 16 | H9: 20 | I9: 20 | J9: 18 | K9: 17 | L9: 16 | M9: 14 | N9: 14 | O9: =SUM(C9:N9) -> 190 | P9: =IFERROR(O9/SUM($C$5:$N$5),0) -> 0.80508475
B10: Social Science | C10: 16 | D10: 14 | E10: 3 | F10: 16 | G10: 16 | H10: 18 | I10: 18 | J10: 16 | K10: 16 | L10: 20 | M10: 14 | N10: 13 | O10: =SUM(C10:N10) -> 180 | P10: =IFERROR(O10/SUM($C$5:$N$5),0) -> 0.76271186
B11: Computer Science | C11: 19 | D11: 18 | E11: 3 | F11: 21 | G11: 17 | H11: 21 | I11: 19 | J11: 20 | K11: 18 | L11: 21 | M11: 15 | N11: 14 | O11: =SUM(C11:N11) -> 206 | P11: =IFERROR(O11/SUM($C$5:$N$5),0) -> 0.87288136
B14: OVERALL | C14: =IFERROR(AVERAGE(C6:C11),0) -> 17.333333 | D14: =IFERROR(AVERAGE(D6:D11),0) -> 16.666667 | E14: =IFERROR(AVERAGE(E6:E11),0) -> 3 | F14: =IFERROR(AVERAGE(F6:F11),0) -> 18 | G14: =IFERROR(AVERAGE(G6:G11),0) -> 17 | H14: =IFERROR(AVERAGE(H6:H11),0) -> 18.5 | I14: =IFERROR(AVERAGE(I6:I11),0) -> 18.666667 | J14: =IFERROR(AVERAGE(J6:J11),0) -> 18 | ... P14: =IFERROR(AVERAGE(P6:P11),0) -> 0.81144068
B17: ATTENDANCE STATUS
B18: 🟢 ≥85% = Excellent | 🟡 75-84% = Satisfactory | 🔴 <75% = Shortage (may be detained)
B22: Subject | C22: Attendance %
B23: English | C23: =P6 -> 0.84745763
B24: Hindi | C24: =P7 -> 0.74576271
B25: Mathematics | C25: =P8 -> 0.83474576
B26: Science | C26: =P9 -> 0.80508475
B27: Social Science | C27: =P10 -> 0.76271186
B28: Computer Science | C28: =P11 -> 0.87288136

Sheet Assignments
A1: 📋 ASSIGNMENT & DEADLINE TRACKER
A2: Update 'Status' column as you complete tasks • Pending count auto-updates on Dashboard
F3: =COUNTIF(F5:F24,"Pending") -> 5
A4: # | B4: Assignment / Task | C4: Subject | D4: Assigned Date | E4: Due Date | F4: Status | G4: Priority | H4: Notes
A5: 1 | B5: English Essay on Climate Change | C5: English | D5: 01-Apr-24 | E5: 15-Apr-24 | F5: Completed | G5: High | H5: =IF(F5="Completed","✅ Done",IF(E5="","",IF(DATEVALUE(E5)<TODAY(),"⚠️ Overdue!","📅 "&(DATEVALUE(E5)-TODAY())&" days left"))) -> ✅ Done
A6: 2 | B6: Maths Chapter 3 Exercises | C6: Mathematics | D6: 05-Apr-24 | E6: 12-Apr-24 | F6: Completed | G6: High | H6: =IF(F6="Completed","✅ Done",IF(E6="","",IF(DATEVALUE(E6)<TODAY(),"⚠️ Overdue!","📅 "&(DATEVALUE(E6)-TODAY())&" days left"))) -> ✅ Done
A7: 3 | B7: Science Lab Report – Titration | C7: Science | D7: 08-Apr-24 | E7: 20-Apr-24 | F7: In Progress | G7: High | H7: =IF(F7="Completed","✅ Done",IF(E7="","",IF(DATEVALUE(E7)<TODAY(),"⚠️ Overdue!","📅 "&(DATEVALUE(E7)-TODAY())&" days left"))) -> ⚠️ Overdue!
A8: 4 | B8: History Map Work – Chapter 2 | C8: Social Science | D8: 10-Apr-24 | E8: 18-Apr-24 | F8: Pending | G8: Medium | H8: =IF(F8="Completed","✅ Done",IF(E8="","",IF(DATEVALUE(E8)<TODAY(),"⚠️ Overdue!","📅 "&(DATEVALUE(E8)-TODAY())&" days left"))) -> ⚠️ Overdue!
A9: 5 | B9: Computer Project – Python Basics | C9: Computer Science | D9: 12-Apr-24 | E9: 30-Apr-24 | F9: Pending | G9: High | H9: =IF(F9="Completed","✅ Done",IF(E9="","",IF(DATEVALUE(E9)<TODAY(),"⚠️ Overdue!","📅 "&(DATEVALUE(E9)-TODAY())&" days left"))) -> ⚠️ Overdue!
A10: 6 | B10: Hindi Kavita Lekhan | C10: Hindi | D10: 15-Apr-24 | E10: 22-Apr-24 | F10: Completed | G10: Medium | H10: =IF(F10="Completed","✅ Done",IF(E10="","",IF(DATEVALUE(E10)<TODAY(),"⚠️ Overdue!","📅 "&(DATEVALUE(E10)-TODAY())&" days left"))) -> ✅ Done
A11: 7 | B11: Maths Practice Paper 1 | C11: Mathematics | D11: 18-Apr-24 | E11: 25-Apr-24 | F11: Pending | G11: High | H11: =IF(F11="Completed","✅ Done",IF(E11="","",IF(DATEVALUE(E11)<TODAY(),"⚠️ Overdue!","📅 "&(DATEVALUE(E11)-TODAY())&" days left"))) -> ⚠️ Overdue!
A12: 8 | B12: Science Diagram – Cell Structure | C12: Science | D12: 20-Apr-24 | E12: 28-Apr-24 | F12: In Progress | G12: Medium | H12: =IF(F12="Completed","✅ Done",IF(E12="","",IF(DATEVALUE(E12)<TODAY(),"⚠️ Overdue!","📅 "&(DATEVALUE(E12)-TODAY())&" days left"))) -> ⚠️ Overdue!
A13: 9 | B13: English Grammar Worksheet | C13: English | D13: 22-Apr-24 | E13: 29-Apr-24 | F13: Pending | G13: Low | H13: =IF(F13="Completed","✅ Done",IF(E13="","",IF(DATEVALUE(E13)<TODAY(),"⚠️ Overdue!","📅 "&(DATEVALUE(E13)-TODAY())&" days left"))) -> ⚠️ Overdue!
A14: 10 | B14: Geography – River Systems Notes | C14: Social Science | D14: 25-Apr-24 | E14: 05-May-24 | F14: Pending | G14: Medium | H14: =IF(F14="Completed","✅ Done",IF(E14="","",IF(DATEVALUE(E14)<TODAY(),"⚠️ Overdue!","📅 "&(DATEVALUE(E14)-TODAY())&" days left"))) -> ⚠️ Overdue!
A17: TASK SUMMARY
A18: Total Tasks | B18: Completed | C18: In Progress | D18: Pending | E18: Completion %
A19: =COUNTA(B5:B14) -> 10 | B19: =COUNTIF(F5:F14,"Completed") -> 3 | C19: =COUNTIF(F5:F14,"In Progress") -> 2 | D19: =COUNTIF(F5:F14,"Pending") -> 5 | E19: =IFERROR(COUNTIF(F5:F14,"Completed")/COUNTA(B5:B14),0) -> 0.3

Sheet GPA Calculator
B1: 🏆 CGPA CALCULATOR – CBSE Grading System
B2: Based on CBSE 10-Point Grading Scale • Grade Points auto-calculated from Marks
B4: CBSE GRADE SCALE REFERENCE
B5: Marks Range | C5: Grade | D5: Grade Points | E5: Performance
B6: 91 – 100 | C6: A1 | D6: 10 | E6: Outstanding
B7: 81 – 90 | C7: A2 | D7: 9 | E7: Excellent
B8: 71 – 80 | C8: B1 | D8: 8 | E8: Very Good
B9: 61 – 70 | C9: B2 | D9: 7 | E9: Good
B10: 51 – 60 | C10: C1 | D10: 6 | E10: Average
B11: 41 – 50 | C11: C2 | D11: 5 | E11: Satisfactory
B12: 33 – 40 | C12: D | D12: 4 | E12: Needs Improvement
B13: Below 33 | C13: E | D13: 0 | E13: Fail
B16: YOUR CGPA CALCULATION
B17: Subject | C17: Marks Obtained | D17: Grade | E17: Grade Points | F17: Credits | G17: Credit × GP
B18: English | C18: =IFERROR('Marks Tracker'!G6,0) -> 85.8 | D18: =IF(C18>=91,"A1",IF(C18>=81,"A2",IF(C18>=71,"B1",IF(C18>=61,"B2",IF(C18>=51,"C1",IF(C18>=41,"C2",IF(C18>=33,"D","E"))))))) -> A2 | E18: =IF(C18>=91,10,IF(C18>=81,9,IF(C18>=71,8,IF(C18>=61,7,IF(C18>=51,6,IF(C18>=41,5,IF(C18>=33,4,0))))))) -> 9 | F18: 5 | G18: =E18*F18 -> 45
B19: Hindi | C19: =IFERROR('Marks Tracker'!G7,0) -> 79.2 | D19: =IF(C19>=91,"A1",IF(C19>=81,"A2",IF(C19>=71,"B1",IF(C19>=61,"B2",IF(C19>=51,"C1",IF(C19>=41,"C2",IF(C19>=33,"D","E"))))))) -> B1 | E19: =IF(C19>=91,10,IF(C19>=81,9,IF(C19>=71,8,IF(C19>=61,7,IF(C19>=51,6,IF(C19>=41,5,IF(C19>=33,4,0))))))) -> 8 | F19: 5 | G19: =E19*F19 -> 40
B20: Mathematics | C20: =IFERROR('Marks Tracker'!G8,0) -> 94 | D20: =IF(C20>=91,"A1",IF(C20>=81,"A2",IF(C20>=71,"B1",IF(C20>=61,"B2",IF(C20>=51,"C1",IF(C20>=41,"C2",IF(C20>=33,"D","E"))))))) -> A1 | E20: =IF(C20>=91,10,IF(C20>=81,9,IF(C20>=71,8,IF(C20>=61,7,IF(C20>=51,6,IF(C20>=41,5,IF(C20>=33,4,0))))))) -> 10 | F20: 5 | G20: =E20*F20 -> 50
B21: Science | C21: =IFERROR('Marks Tracker'!G9,0) -> 88.8 | D21: =IF(C21>=91,"A1",IF(C21>=81,"A2",IF(C21>=71,"B1",IF(C21>=61,"B2",IF(C21>=51,"C1",IF(C21>=41,"C2",IF(C21>=33,"D","E"))))))) -> A2 | E21: =IF(C21>=91,10,IF(C21>=81,9,IF(C21>=71,8,IF(C21>=61,7,IF(C21>=51,6,IF(C21>=41,5,IF(C21>=33,4,0))))))) -> 9 | F21: 5 | G21: =E21*F21 -> 45
B22: Social Science | C22: =IFERROR('Marks Tracker'!G10,0) -> 74 | D22: =IF(C22>=91,"A1",IF(C22>=81,"A2",IF(C22>=71,"B1",IF(C22>=61,"B2",IF(C22>=51,"C1",IF(C22>=41,"C2",IF(C22>=33,"D","E"))))))) -> B1 | E22: =IF(C22>=91,10,IF(C22>=81,9,IF(C22>=71,8,IF(C22>=61,7,IF(C22>=51,6,IF(C22>=41,5,IF(C22>=33,4,0))))))) -> 8 | F22: 5 | G22: =E22*F22 -> 40
B23: Computer Science | C23: =IFERROR('Marks Tracker'!G11,0) -> 92.2 | D23: =IF(C23>=91,"A1",IF(C23>=81,"A2",IF(C23>=71,"B1",IF(C23>=61,"B2",IF(C23>=51,"C1",IF(C23>=41,"C2",IF(C23>=33,"D","E"))))))) -> A1 | E23: =IF(C23>=91,10,IF(C23>=81,9,IF(C23>=71,8,IF(C23>=61,7,IF(C23>=51,6,IF(C23>=41,5,IF(C23>=33,4,0))))))) -> 10 | F23: 5 | G23: =E23*F23 -> 50
B26: 📊 YOUR CGPA | E26: =IFERROR(SUM(G18:G23)/SUM(F18:F23),0) -> 9 | F26: =IF(E26>=9,"🌟 Outstanding",IF(E26>=8,"🎉 Excellent",IF(E26>=7,"👍 Very Good",IF(E26>=6,"✅ Good","⚠️ Work Harder")))) -> 🌟 Outstanding
B32: Subject | C32: Grade Points
B33: English | C33: =E18 -> 9
B34: Hindi | C34: =E19 -> 8
B35: Mathematics | C35: =E20 -> 10
B36: Science | C36: =E21 -> 9
B37: Social Science | C37: =E22 -> 8
B38: Computer Science | C38: =E23 -> 10
